{
  "src": [
    "audio.ogg",
    "audio.mp3"
  ],
  "sprite": {
    "barkDucks": [
      0,
      1195.827664399093
    ],
    "gunSound": [
      3000,
      2600.6349206349205
    ],
    "laugh": [
      7000,
      2414.875283446712
    ],
    "loserSound": [
      11000,
      2530.9750566893426
    ],
    "thud": [
      15000,
      1149.3877551020405
    ]
  }
}