{
  "src": [
    "audio.ogg",
    "audio.mp3"
  ],
  "sprite": {
    "barkDucks": [
      0,
      1195.827664399093
    ],
    "champ": [
      3000,
      180010.86167800456
    ],
    "gunSound": [
      185000,
      2600.634920634917
    ],
    "laugh": [
      189000,
      2414.8752834467186
    ],
    "loserSound": [
      193000,
      2530.9750566893285
    ],
    "thud": [
      197000,
      1149.3877551020546
    ]
  }
}